Firstname,Lastname,Address,City,Mobile,Email,Direction,Salary
Name1,Lastname1,Address1,City1,123456,mail1@mail.com,Direction1,55000
Name2,Lastname2,Address2,City2,123456,mail2@mail.com,Direction2,56000
Name3,Lastname3,Address3,City3,123456,mail3@mail.com,Direction3,75000
Name4,Lastname4,Address4,City4,123456,mail4@mail.com,Direction4,45000
Name5,Lastname5,Address5,City5,123456,mail5@mail.com,Direction5,50000
Name6,Lastname6,Address6,City6,123456,mail6@mail.com,Direction6,55000
Name7,Lastname7,Address7,City7,123456,mail7@mail.com,Direction7,55000
Name8,Lastname8,Address8,City8,123456,mail8@mail.com,Direction8,55000
Name9,Lastname9,Address9,City9,123456,mail9@mail.com,Direction9,55000
Name10,Lastname10,Address10,City10,123456,mail10@mail.com,Direction10,55000
Name11,Lastname11,Address11,City11,123456,mail11@mail.com,Direction11,55000
Name12,Lastname12,Address12,City12,123456,mail12@mail.com,Direction12,55000
Name13,Lastname13,Address13,City13,123456,mail13@mail.com,Direction13,55000
Name14,Lastname14,Address14,City14,123456,mail14@mail.com,Direction14,55000
Name15,Lastname15,Address15,City15,123456,mail15@mail.com,Direction15,55000
Name16,Lastname16,Address16,City16,123456,mail16@mail.com,Direction16,55000
Name17,Lastname17,Address17,City17,123456,mail17@mail.com,Direction17,55000
Name18,Lastname18,Address18,City18,123456,mail18@mail.com,Direction18,55000
Name19,Lastname19,Address19,City19,123456,mail19@mail.com,Direction19,55000
